{
  "$schema": "https://schema.management.azure.com/schemas/2015-01-01/deploymentTemplate.json#",
  "contentVersion": "0.0.0.1",
  "parameters": {
    "authenticationType": {
      "type": "string",
      "defaultValue": "password",
      "allowedValues": [
        "password",
        "sshPublicKey"
      ],
      "metadata": {
        "description": "Type of authentication to use on the Virtual Machine."
      }
    },
    "sshUsername": {
      "type": "string",
      "metadata": {
        "description": "These credentials can be used to remotely access the cluster."
      }
    },
    "sshPassword": {
      "type": "securestring",
      "defaultValue": "",
      "metadata": {
        "description": "These credentials can be used to remotely access the cluster."
      }
    },
    "sshPublicKey": {
      "type": "securestring",
      "defaultValue": "",
      "metadata": {
        "description": "ssh key for the Virtual Machine."
      }
    },
    "grafanaAdminPassword": {
      "type": "securestring",
      "metadata": {
        "description": "These credentials give access to the grafana admin account"
      }
    },
    "location": {
      "type": "string",
      "defaultValue": "[resourceGroup().location]",
      "metadata": {
        "description": "Location where resources will be provisioned. By default, the template deploys the resources to the same location as the resource group. If specified, must be a valid Azure location e.g. 'australiasoutheast'"
      }
    },
    "namespace": {
      "type": "string",
      "defaultValue": "grafana",
      "metadata": {
        "description": "Name for the Virtual Machine."
      }
    },
    "publicIPAddressName": {
      "type": "string",
      "metadata": {
        "description": "The IP address of the grafana instance"
      }
    },
    "publicIPAddressNewOrExisting": {
      "type": "string",
      "defaultValue": "new",
      "allowedValues": [
        "new"
      ],
      "metadata": {
        "description": "Identifies whether to use new or existing Virtual Network"
      }
    },
    "domainNamePrefix": {
      "type": "string",
      "metadata": {
        "description": "Prefix for domain name to access Grafana which is in the format: {prefix}.{location}.cloudapp.azure.com"
      }
    },
    "storageAccountName": {
      "type": "string",
      "maxLength": 24
    },
    "storageAccountType": {
      "type": "string",
      "defaultValue": "Standard_LRS"
    },
    "storageAccountNewOrExisting": {
      "type": "string",
      "allowedValues": [
        "new"
      ],
      "metadata": {
        "description": "Name of resource group of existing Storage Group (if applicable)"
      },
      "defaultValue": "new"
    },
    "vmSize": {
      "type": "string",
      "defaultValue": "Standard_A2",
      "allowedValues": [

        "Standard_A1",

        "Standard_A2",

        "Standard_A3",

        "Standard_A4",

        "Standard_D1_v2",

        "Standard_D2_v2",

        "Standard_D3_v2",

        "Standard_D4_v2"

      ],
      "metadata": {
        "description": "size of the vm to use for the grafana instance"
      }
    },
    "virtualNetworkName": {
      "type": "string",
      "metadata": {
        "description": "Name of the virtual network that the consumer wants to use"
      }
    },
    "virtualNetworkNewOrExisting": {
      "type": "string",
      "defaultValue": "new",
      "allowedValues": [
        "new"
      ],
      "metadata": {
        "description": "Identifies whether to use new or existing Virtual Network"
      }
    },
    "virtualNetworkAddressPrefix": {
      "type": "string",
      "defaultValue": "10.0.0.0/16",
      "metadata": {
        "description": "Virtual network address"
      }
    },
    "subnetName": {
      "type": "string",
      "defaultValue": "grafanasubnet",
      "metadata": {
        "description": "Subnet for grafana"
      }
    },
    "subnetPrefix": {
      "type": "string",
      "defaultValue": "10.0.0.0/24",
      "metadata": {
        "description": "Grafana subnet CIDR"
      }
    },
    "DirectoryId": {
      "type": "string",
      "metadata": {
        "description": "Directory Id for authentication"
      }
    },
    "Port": {
      "type": "string",
      "metadata": {
        "description": "Port you want Grafana to run on"
      }
    },
    "AppId": {
      "type": "string",
      "metadata": {
        "description": "Application Id of App registered for authentication"
      }
    },
    "AppKey": {
      "type": "string",
      "metadata": {
        "description": "Application Key of App registered for authentication"
      }
    },
    "baseUrl": {
      "type": "string",
      "metadata": {
        "description": "Base URL for Marketplace",
        "artifactsBaseUrl": ""
      },
      "defaultValue": "https://gallery.azure.com/artifact/20151001/grafana-labs.grafana_ossstable.1.0.2/Artifacts"
    }
  },
  "variables": {
    "installScripts": [
      "[concat(parameters('baseUrl'), '/scripts/install-grafana.sh')]"
    ],
    "installOpts": "[concat('-A ', parameters('grafanaAdminPassword'))]",
    "nicName": "[concat(parameters('namespace'), '-nic')]",
    "extensionName": "CustomScript",
    "RootURL": "[concat(parameters('domainNamePrefix'), '.', parameters('location'), '.cloudapp.azure.com')]",
    "commandToExecute": "[concat('sudo bash JoinGrafana.sh', ' ' , parameters('DirectoryId'), ' ' , parameters('Port'), ' ' , variables('RootURL'), ' ' , parameters('AppId'), ' ' , parameters('AppKey'), ' ', variables('installOpts'))]",
    "fileUris": [ "https://adbrokergrafanastorage.blob.core.windows.net/grafanasetup/JoinGrafana.sh", "https://adbrokergrafanastorage.blob.core.windows.net/grafanasetup/setup-grafana-vm.sh", "https://adbrokergrafanastorage.blob.core.windows.net/grafanasetup/install-kusto-ds.sh"],
    "customScriptStorageAccountName": "adbrokergrafanastorage",
    "customScriptStorageAccountKey": "k4r5lCO44PenOxhSO/cJAa7IKCFD6jBfihVsexGwa3DkrGE0ZtxJGM6ijz0O24UmYnjsv8f0HnxeqB1WPtRdkA==",
    "publicIPAddressType": "Dynamic",
    "vmStorageAccountContainerName": "vhds",
    "publicIPAddressId": "[resourceId( 'Microsoft.Network/publicIPAddresses', parameters('publicIPAddressName'))]",
    "vnetId": "[resourceId( 'Microsoft.Network/virtualNetworks', parameters('virtualNetworkName'))]",
    "storageAccountID": "[resourceId('Microsoft.Storage/storageAccounts', parameters('storageAccountName'))]",
    "subnetRef": "[concat(variables('vnetId'),'/subnets/',parameters('subnetName'))]",
    "passwordAuth": {
      "computerName": "[concat(parameters('namespace'), '-vm')]",
      "adminUsername": "[parameters('sshUsername')]",
      "adminPassword": "[parameters('sshPassword')]"
    },
    "sshAuth": {
      "computerName": "[concat(parameters('namespace'), '-vm')]",
      "adminUsername": "[parameters('sshUsername')]",
      "linuxConfiguration": {
        "disablePasswordAuthentication": true,
        "ssh": {
          "publicKeys": [
            {
              "path": "[concat('/home/', parameters('sshUsername'), '/.ssh/authorized_keys')]",
              "keyData": "[parameters('sshPublicKey')]"
            }
          ]
        }
      }
    },
    "OSDiskName": "concat(parameters('namespace'), '-disk')",
    "securityGroupName": "[concat(parameters('namespace'), '-nsg')]"
  },
  "resources": [
    {
      "condition": "[equals(parameters('virtualNetworkNewOrExisting'), 'new')]",
      "name": "[parameters('virtualNetworkName')]",
      "apiVersion": "2017-06-01",
      "type": "Microsoft.Network/virtualNetworks",
      "location": "[parameters('location')]",
      "properties": {
        "addressSpace": {
          "addressPrefixes": [
            "[parameters('virtualNetworkAddressPrefix')]"
          ]
        },
        "subnets": [
          {
            "name": "[parameters('subnetName')]",
            "properties": {
              "addressPrefix": "[parameters('subnetPrefix')]"
            }
          }
        ]
      }
    },
    {
      "condition": "[equals(parameters('storageAccountNewOrExisting'), 'new')]",
      "type": "Microsoft.Storage/storageAccounts",
      "name": "[parameters('storageAccountName')]",
      "apiVersion": "2016-01-01",
      "location": "[parameters('location')]",
      "sku": {
        "name": "[parameters('storageAccountType')]"
      },
      "kind": "Storage",
      "properties": {}
    },
    {
      "condition": "[equals(parameters('publicIPAddressNewOrExisting'), 'new')]",
      "apiVersion": "2017-06-01",
      "type": "Microsoft.Network/publicIPAddresses",
      "name": "[parameters('publicIPAddressName')]",
      "location": "[parameters('location')]",
      "properties": {
        "publicIPAllocationMethod": "[variables('publicIPAddressType')]",
        "dnsSettings": {
          "domainNameLabel": "[parameters('domainNamePrefix')]"
        }
      }
    },
    {
      "apiVersion": "2017-06-01",
      "type": "Microsoft.Network/networkSecurityGroups",
      "name": "[variables('securityGroupName')]",
      "location": "[parameters('location')]",
      "properties": {
        "securityRules": [
          {
            "name": "SSH",
            "properties": {
              "description": "Allows inbound SSH traffic",
              "protocol": "Tcp",
              "sourcePortRange": "*",
              "destinationPortRange": "22",
              "sourceAddressPrefix": "*",
              "destinationAddressPrefix": "*",
              "access": "Allow",
              "priority": 100,
              "direction": "Inbound"
            }
          },
          {
            "name": "Grafana",
            "properties": {
              "description": "Allows inbound grafana HTTP traffic",
              "protocol": "Tcp",
              "sourcePortRange": "*",
              "destinationPortRange": "[ parameters('Port') ]",
              "sourceAddressPrefix": "*",
              "destinationAddressPrefix": "*",
              "access": "Allow",
              "priority": 200,
              "direction": "Inbound"
            }
          }
        ]
      }
    },
    {
      "apiVersion": "2017-06-01",
      "type": "Microsoft.Network/networkInterfaces",
      "name": "[variables('nicName')]",
      "location": "[parameters('location')]",
      "dependsOn": [
        "[concat('Microsoft.Network/publicIPAddresses/', parameters('publicIPAddressName'))]",
        "[concat('Microsoft.Network/virtualNetworks/', parameters('virtualNetworkName'))]"
      ],
      "properties": {
        "ipConfigurations": [
          {
            "name": "[concat(parameters('namespace'), '-ip-config')]",
            "properties": {
              "privateIPAllocationMethod": "[variables('publicIPAddressType')]",
              "publicIPAddress": {
                "id": "[variables('publicIPAddressId')]"
              },
              "subnet": {
                "id": "[variables('subnetRef')]"
              }
            }
          }
        ]
      }
    },
    {
      "name": "[parameters('namespace')]",
      "type": "Microsoft.Compute/virtualMachines",
      "apiVersion": "2017-03-30",
      "location": "[parameters('location')]",
      "dependsOn": [
        "[concat('Microsoft.Network/networkInterfaces/', variables('nicName'))]",
        "[concat('Microsoft.Storage/storageAccounts/', parameters('storageAccountName'))]"
      ],
      "properties": {
        "storageProfile": {
          "imageReference": {
            "publisher": "Canonical",
            "offer": "UbuntuServer",
            "sku": "16.04-LTS",
            "version": "latest"
          },
          "osDisk": {
            "createOption": "FromImage",
            "name": "osdisk",
            "vhd": {
              "uri": "[concat(reference(variables('storageAccountID')).primaryEndpoints.blob, variables('vmStorageAccountContainerName'), '/',variables('OSDiskName'),'.vhd')]"
            }
          }
        },
        "hardwareProfile": {
          "vmSize": "[parameters('vmSize')]"
        },
        "osProfile": "[if(equals(parameters('authenticationType'), 'password'), variables('passwordAuth'), variables('sshAuth'))]",
        "networkProfile": {
          "networkInterfaces": [
            {
              "id": "[resourceId('Microsoft.Network/networkInterfaces',variables('nicName'))]"
            }
          ]
        }
      },
      "resources": [
        {

          "type": "Microsoft.Compute/virtualMachines/extensions",

          "name": "[concat(parameters('namespace'),'/', variables('extensionName'))]",

          "apiVersion": "2015-06-15",

          "location": "[parameters('location')]",

          "dependsOn": [

            "[concat('Microsoft.Compute/virtualMachines/', parameters('namespace'))]"

          ],

          "properties": {

            "publisher": "Microsoft.Azure.Extensions",

            "type": "CustomScript",

            "typeHandlerVersion": "2.0",

            "autoUpgradeMinorVersion": true,

            "settings": {

              "fileUris": "[variables('fileUris')]",

              "commandToExecute": "[variables('commandToExecute')]"

            },

            "protectedSettings": {

              "storageAccountName": "[variables('customScriptStorageAccountName')]",

              "storageAccountKey": "[variables('customScriptStorageAccountKey')]"

            }

          }
        }

      ]
    }
  ],

  "outputs": {}
}